,state,numberTickets,ticketsAmount,month,year
0,Aguascalientes,268660,16249442,1,2020
1,Baja California,1218936,66294422,1,2020
2,Baja California Sur,118108,5624621,1,2020
3,Campeche,138868,9073845,1,2020
4,Chiapas,286492,14174329,1,2020
5,Chihuahua,678322,40416746,1,2020
6,Ciudad de México,2614936,184185421,1,2020
7,Coahuila,474119,30210056,1,2020
8,Colima,133941,7123199,1,2020
9,Durango,148254,6971244,1,2020
10,Guanajuato,455637,24975797,1,2020
11,Guerrero,420295,21252491,1,2020
12,Hidalgo,176545,9408159,1,2020
13,Jalisco,1277307,76976973,1,2020
14,Michoacán,529321,29267689,1,2020
15,Morelos,211576,12445610,1,2020
16,México,703027,38320266,1,2020
17,Nayarit,71000,3282402,1,2020
18,Nuevo León,1142926,72243696,1,2020
19,Oaxaca,64610,3248075,1,2020
20,Puebla,479693,26670803,1,2020
21,Querétaro,402517,27806512,1,2020
22,Quintana Roo,549285,35060312,1,2020
23,San Luis Potosí,360174,20828143,1,2020
24,Sinaloa,211580,11042424,1,2020
25,Sonora,287270,16296892,1,2020
26,Tabasco,359664,19372812,1,2020
27,Tamaulipas,565611,31333661,1,2020
28,Tlaxcala,63028,3664559,1,2020
29,Veracruz,966594,56341986,1,2020
30,Yucatán,415553,25140865,1,2020
31,Zacatecas,86541,4114279,1,2020
32,Aguascalientes,274168,16837943,2,2020
33,Baja California,1307033,71130759,2,2020
34,Baja California Sur,132450,6263806,2,2020
35,Campeche,144817,9626940,2,2020
36,Chiapas,333095,15724425,2,2020
37,Chihuahua,764038,44713854,2,2020
38,Ciudad de México,3161140,211273334,2,2020
39,Coahuila,480594,30883327,2,2020
40,Colima,154601,8734741,2,2020
41,Durango,147276,6867407,2,2020
42,Guanajuato,547950,28865642,2,2020
43,Guerrero,438984,22157193,2,2020
44,Hidalgo,206784,10503872,2,2020
45,Jalisco,1451390,85359526,2,2020
46,Michoacán,619920,32713459,2,2020
47,Morelos,276150,15225624,2,2020
48,México,852957,44331636,2,2020
49,Nayarit,92538,4389959,2,2020
50,Nuevo León,1286260,78020149,2,2020
51,Oaxaca,82963,4148806,2,2020
52,Puebla,582356,32092287,2,2020
53,Querétaro,490600,33806346,2,2020
54,Quintana Roo,607609,36209074,2,2020
55,San Luis Potosí,396444,23209996,2,2020
56,Sinaloa,225882,11593537,2,2020
57,Sonora,358351,19641766,2,2020
58,Tabasco,396708,21004619,2,2020
59,Tamaulipas,687706,37242731,2,2020
60,Tlaxcala,82579,4575502,2,2020
61,Veracruz,1094079,61381762,2,2020
62,Yucatán,507346,28568591,2,2020
63,Zacatecas,83463,3930376,2,2020
64,Aguascalientes,74411,4638363,3,2020
65,Baja California,411050,22112034,3,2020
66,Baja California Sur,49561,2318793,3,2020
67,Campeche,52979,3332180,3,2020
68,Chiapas,144155,6394459,3,2020
69,Chihuahua,260783,14216584,3,2020
70,Ciudad de México,1054139,68186542,3,2020
71,Coahuila,143020,8614866,3,2020
72,Colima,66567,3990659,3,2020
73,Durango,37802,1568725,3,2020
74,Guanajuato,181902,9074371,3,2020
75,Guerrero,165548,8129915,3,2020
76,Hidalgo,75255,3659131,3,2020
77,Jalisco,476156,26989542,3,2020
78,Michoacán,219398,10964501,3,2020
79,Morelos,92396,5155327,3,2020
80,México,273795,13911246,3,2020
81,Nayarit,31075,1209896,3,2020
82,Nuevo León,368768,21412517,3,2020
83,Oaxaca,42419,2003770,3,2020
84,Puebla,210011,11102007,3,2020
85,Querétaro,144713,9484963,3,2020
86,Quintana Roo,239443,13601098,3,2020
87,San Luis Potosí,119792,6777442,3,2020
88,Sinaloa,85968,4165659,3,2020
89,Sonora,109465,5848263,3,2020
90,Tabasco,128950,6205274,3,2020
91,Tamaulipas,226832,12023156,3,2020
92,Tlaxcala,29802,1549435,3,2020
93,Veracruz,378369,19698285,3,2020
94,Yucatán,150814,8132274,3,2020
95,Zacatecas,26584,1272732,3,2020
96,Aguascalientes,33,4620,5,2020
97,Baja California,0,1772,5,2020
98,Ciudad de México,0,248,5,2020
99,Coahuila,0,624,5,2020
100,Durango,0,164,5,2020
101,Guerrero,0,112,5,2020
102,Jalisco,1,217,5,2020
103,Nuevo León,0,1376,5,2020
104,Querétaro,0,600,5,2020
105,Aguascalientes,10404,614105,6,2020
106,Chihuahua,12,294,6,2020
107,Ciudad de México,0,868,6,2020
108,Jalisco,3822,245221,6,2020
109,Michoacán,21444,1099279,6,2020
110,Oaxaca,1,100,6,2020
111,Puebla,0,376,6,2020
112,Querétaro,2,0,6,2020
113,Quintana Roo,12099,799534,6,2020
114,San Luis Potosí,2443,170388,6,2020
115,Sinaloa,709,43463,6,2020
116,Tabasco,0,456,6,2020
117,Tlaxcala,0,980,6,2020
118,Veracruz,240,11138,6,2020
119,Yucatán,0,176,6,2020
120,Aguascalientes,14045,805389,7,2020
121,Baja California,6186,378647,7,2020
122,Chiapas,5595,290663,7,2020
123,Chihuahua,8,336,7,2020
124,Ciudad de México,0,580,7,2020
125,Durango,1130,53250,7,2020
126,Guanajuato,0,576,7,2020
127,Guerrero,0,408,7,2020
128,Hidalgo,3384,189094,7,2020
129,Jalisco,674,50085,7,2020
130,Michoacán,41192,2012255,7,2020
131,Morelos,6445,371476,7,2020
132,Oaxaca,1977,93212,7,2020
133,Quintana Roo,16582,1032015,7,2020
134,San Luis Potosí,7322,460485,7,2020
135,Sinaloa,8679,424748,7,2020
136,Sonora,266,17722,7,2020
137,Tlaxcala,1149,53912,7,2020
138,Veracruz,2578,174050,7,2020
139,Zacatecas,1661,83878,7,2020
140,Aguascalientes,17839,1063894,8,2020
141,Baja California,56755,3346117,8,2020
142,Campeche,1635,130379,8,2020
143,Chiapas,22691,1065577,8,2020
144,Chihuahua,1227,61285,8,2020
145,Ciudad de México,99799,7287317,8,2020
146,Coahuila,20943,1486144,8,2020
147,Durango,4332,191839,8,2020
148,Guanajuato,33052,1880452,8,2020
149,Guerrero,17763,959966,8,2020
150,Hidalgo,120,6555,8,2020
151,Jalisco,52416,3156699,8,2020
152,Michoacán,49964,2506202,8,2020
153,Morelos,15092,871486,8,2020
154,México,23046,1349961,8,2020
155,Nuevo León,0,1344,8,2020
156,Oaxaca,4884,243664,8,2020
157,Querétaro,562,66185,8,2020
158,Quintana Roo,29454,1826196,8,2020
159,San Luis Potosí,5759,378515,8,2020
160,Sinaloa,15676,785406,8,2020
161,Sonora,3301,197131,8,2020
162,Tlaxcala,4106,219949,8,2020
163,Veracruz,3698,180572,8,2020
164,Yucatán,14,1682,8,2020
165,Zacatecas,3705,188612,8,2020
166,Aguascalientes,33529,2024605,9,2020
167,Baja California,105586,6183014,9,2020
168,Baja California Sur,14440,745991,9,2020
169,Campeche,6433,504810,9,2020
170,Chiapas,42874,1940131,9,2020
171,Chihuahua,41486,2624755,9,2020
172,Ciudad de México,235846,16429796,9,2020
173,Coahuila,39188,2619415,9,2020
174,Colima,11334,758354,9,2020
175,Durango,8847,375193,9,2020
176,Guanajuato,67394,3684627,9,2020
177,Guerrero,38965,2011153,9,2020
178,Hidalgo,19120,1093303,9,2020
179,Jalisco,178261,11360941,9,2020
180,Michoacán,72704,3714054,9,2020
181,Morelos,24231,1347837,9,2020
182,México,65319,3698850,9,2020
183,Nuevo León,71825,4979165,9,2020
184,Oaxaca,9072,461437,9,2020
185,Querétaro,51475,3816509,9,2020
186,Quintana Roo,64317,3884982,9,2020
187,San Luis Potosí,23804,1510404,9,2020
188,Sinaloa,28870,1416371,9,2020
189,Sonora,39813,2276754,9,2020
190,Tabasco,12725,702000,9,2020
191,Tamaulipas,10651,582893,9,2020
192,Tlaxcala,7510,408959,9,2020
193,Veracruz,67648,3953378,9,2020
194,Yucatán,13874,899452,9,2020
195,Zacatecas,7807,389237,9,2020
196,Aguascalientes,39309,2179267,10,2020
197,Baja California,157994,8615983,10,2020
198,Baja California Sur,18021,804076,10,2020
199,Campeche,8208,511951,10,2020
200,Chiapas,56078,2316252,10,2020
201,Chihuahua,47821,2551987,10,2020
202,Ciudad de México,252595,16588114,10,2020
203,Coahuila,38109,2232323,10,2020
204,Colima,19741,1120207,10,2020
205,Durango,11341,440658,10,2020
206,Guanajuato,76720,3863702,10,2020
207,Guerrero,37151,1638180,10,2020
208,Hidalgo,24515,1221980,10,2020
209,Jalisco,170188,9992356,10,2020
210,Michoacán,73406,3419993,10,2020
211,Morelos,28278,1409197,10,2020
212,México,71937,3733077,10,2020
213,Nayarit,6018,224141,10,2020
214,Nuevo León,75726,4793013,10,2020
215,Oaxaca,9610,390210,10,2020
216,Querétaro,49929,3455927,10,2020
217,Quintana Roo,69111,4064369,10,2020
218,San Luis Potosí,30431,1706025,10,2020
219,Sinaloa,31277,1395547,10,2020
220,Sonora,43376,2133551,10,2020
221,Tabasco,22532,1019356,10,2020
222,Tamaulipas,51725,2681762,10,2020
223,Tlaxcala,9731,522879,10,2020
224,Veracruz,95601,4892346,10,2020
225,Yucatán,16809,994421,10,2020
226,Zacatecas,8261,385073,10,2020
227,Aguascalientes,23081,1246306,11,2020
228,Baja California,159959,8659116,11,2020
229,Baja California Sur,20184,927068,11,2020
230,Campeche,11544,798504,11,2020
231,Chiapas,73743,3058891,11,2020
232,Chihuahua,1730,60844,11,2020
233,Ciudad de México,278077,17747963,11,2020
234,Coahuila,36442,2056308,11,2020
235,Colima,22338,1303629,11,2020
236,Durango,1418,54381,11,2020
237,Guanajuato,86620,4276247,11,2020
238,Guerrero,46627,2091291,11,2020
239,Hidalgo,28232,1374263,11,2020
240,Jalisco,130311,7614216,11,2020
241,Michoacán,90996,4200587,11,2020
242,Morelos,31923,1549449,11,2020
243,México,81867,4126006,11,2020
244,Nayarit,12929,452105,11,2020
245,Nuevo León,78391,4635656,11,2020
246,Oaxaca,11245,441112,11,2020
247,Puebla,34886,1989193,11,2020
248,Querétaro,50375,3374591,11,2020
249,Quintana Roo,96461,5419548,11,2020
250,San Luis Potosí,39397,2153235,11,2020
251,Sinaloa,35681,1624448,11,2020
252,Sonora,31887,1597211,11,2020
253,Tabasco,26901,1239158,11,2020
254,Tamaulipas,56742,2868224,11,2020
255,Tlaxcala,11798,666266,11,2020
256,Veracruz,122564,6183421,11,2020
257,Yucatán,29696,1607144,11,2020
258,Zacatecas,4756,217928,11,2020
259,Aguascalientes,36180,2254045,12,2020
260,Baja California,135527,7853981,12,2020
261,Baja California Sur,24778,1232219,12,2020
262,Campeche,14896,1047430,12,2020
263,Chiapas,93618,4372237,12,2020
264,Chihuahua,2987,109656,12,2020
265,Ciudad de México,135856,9451547,12,2020
266,Coahuila,50700,2974318,12,2020
267,Colima,20958,1302011,12,2020
268,Durango,12410,537426,12,2020
269,Guanajuato,88653,4788351,12,2020
270,Guerrero,66952,3265854,12,2020
271,Hidalgo,21038,1056641,12,2020
272,Jalisco,196964,12308804,12,2020
273,Michoacán,115692,5770091,12,2020
274,Morelos,26600,1408679,12,2020
275,México,32291,1751801,12,2020
276,Nayarit,15706,587291,12,2020
277,Nuevo León,67167,4268724,12,2020
278,Oaxaca,13793,683500,12,2020
279,Puebla,52176,3087514,12,2020
280,Querétaro,30376,2236383,12,2020
281,Quintana Roo,112102,6427923,12,2020
282,San Luis Potosí,47965,2820596,12,2020
283,Sinaloa,38821,1966919,12,2020
284,Sonora,7258,328998,12,2020
285,Tabasco,20925,1120733,12,2020
286,Tamaulipas,66324,3859236,12,2020
287,Tlaxcala,12318,699677,12,2020
288,Veracruz,152109,8440781,12,2020
289,Yucatán,36362,2205764,12,2020
290,Aguascalientes,34008,2078874,1,2021
291,Baja California,121015,6821380,1,2021
292,Baja California Sur,12521,634416,1,2021
293,Campeche,10227,709653,1,2021
294,Chiapas,54899,2697283,1,2021
295,Chihuahua,59151,3715751,1,2021
296,Coahuila,41358,2459755,1,2021
297,Colima,15832,934329,1,2021
298,Durango,14972,662643,1,2021
299,Guanajuato,59690,3302411,1,2021
300,Guerrero,43358,2186703,1,2021
301,Jalisco,61515,3652230,1,2021
302,Michoacán,37809,1907138,1,2021
303,Nayarit,11418,469188,1,2021
304,Nuevo León,51,4148,1,2021
305,Oaxaca,9293,443038,1,2021
306,Puebla,2279,145684,1,2021
307,Quintana Roo,85053,5008326,1,2021
308,San Luis Potosí,26953,1763545,1,2021
309,Sinaloa,33201,1679058,1,2021
310,Sonora,1975,74971,1,2021
311,Tabasco,6504,343468,1,2021
312,Tamaulipas,28638,1679320,1,2021
313,Tlaxcala,4484,239779,1,2021
314,Veracruz,102533,5654349,1,2021
315,Yucatán,27543,1647351,1,2021
316,Zacatecas,1627,83352,1,2021
317,Aguascalientes,27727,1691295,2,2021
318,Baja California,123175,7159982,2,2021
319,Baja California Sur,8742,460583,2,2021
320,Campeche,8416,586831,2,2021
321,Chiapas,44596,2328944,2,2021
322,Chihuahua,89044,5399670,2,2021
323,Ciudad de México,662,66339,2,2021
324,Coahuila,38333,2303680,2,2021
325,Colima,7837,461591,2,2021
326,Durango,10973,510443,2,2021
327,Guanajuato,49200,2658103,2,2021
328,Hidalgo,9369,537134,2,2021
329,Jalisco,101119,6631747,2,2021
330,Michoacán,34275,1703386,2,2021
331,Morelos,8390,499756,2,2021
332,México,136,7672,2,2021
333,Nayarit,6852,286357,2,2021
334,Nuevo León,40706,2684825,2,2021
335,Oaxaca,7438,395284,2,2021
336,Puebla,19900,1224170,2,2021
337,Querétaro,22666,1664790,2,2021
338,Quintana Roo,62282,3860082,2,2021
339,San Luis Potosí,8706,528992,2,2021
340,Sinaloa,21467,1146496,2,2021
341,Sonora,6811,352245,2,2021
342,Tabasco,6331,321622,2,2021
343,Tamaulipas,39859,2394558,2,2021
344,Tlaxcala,4833,257337,2,2021
345,Veracruz,77448,4252943,2,2021
346,Yucatán,21541,1302287,2,2021
347,Zacatecas,4792,264794,2,2021
348,Aguascalientes,56075,3484259,3,2021
349,Baja California,252521,15620152,3,2021
350,Baja California Sur,30707,1682519,3,2021
351,Campeche,22265,1746623,3,2021
352,Chiapas,89418,4786161,3,2021
353,Chihuahua,173380,10923782,3,2021
354,Ciudad de México,499259,36323195,3,2021
355,Coahuila,95233,6228843,3,2021
356,Colima,26693,1591852,3,2021
357,Durango,25358,1197207,3,2021
358,Guanajuato,121483,7051188,3,2021
359,Guerrero,85901,4739569,3,2021
360,Hidalgo,33539,1945735,3,2021
361,Jalisco,332522,22200786,3,2021
362,Michoacán,133155,7314818,3,2021
363,Morelos,40712,2582146,3,2021
364,México,152388,9084950,3,2021
365,Nayarit,19190,858967,3,2021
366,Nuevo León,157504,10845502,3,2021
367,Oaxaca,15440,808708,3,2021
368,Puebla,59194,3943465,3,2021
369,Querétaro,72979,5528755,3,2021
370,Quintana Roo,146997,9392488,3,2021
371,San Luis Potosí,55994,3602286,3,2021
372,Sinaloa,55352,3078349,3,2021
373,Sonora,62405,3745439,3,2021
374,Tabasco,25347,1565053,3,2021
375,Tamaulipas,106363,6664453,3,2021
376,Tlaxcala,15629,841149,3,2021
377,Veracruz,188873,11220292,3,2021
378,Yucatán,54869,3581962,3,2021
379,Zacatecas,9889,571752,3,2021
380,Aguascalientes,60747,3956360,4,2021
381,Baja California,241158,15667535,4,2021
382,Baja California Sur,30377,1744474,4,2021
383,Campeche,24471,1860399,4,2021
384,Chiapas,82844,4580183,4,2021
385,Chihuahua,135182,8876677,4,2021
386,Ciudad de México,567185,42930555,4,2021
387,Coahuila,101948,7079627,4,2021
388,Colima,31187,1888608,4,2021
389,Durango,27570,1404420,4,2021
390,Guanajuato,131015,7805231,4,2021
391,Guerrero,97586,5544479,4,2021
392,Hidalgo,40373,2421458,4,2021
393,Jalisco,368613,25559931,4,2021
394,Michoacán,142918,8281415,4,2021
395,Morelos,45810,3029244,4,2021
396,México,161458,9818355,4,2021
397,Nayarit,20686,928544,4,2021
398,Nuevo León,190318,13304110,4,2021
399,Oaxaca,16872,931494,4,2021
400,Puebla,76454,5192149,4,2021
401,Querétaro,90319,6969356,4,2021
402,Quintana Roo,134732,8844478,4,2021
403,San Luis Potosí,67730,4527988,4,2021
404,Sinaloa,60101,3390776,4,2021
405,Sonora,58736,3680699,4,2021
406,Tabasco,30407,1905052,4,2021
407,Tamaulipas,109453,7164088,4,2021
408,Tlaxcala,14826,801576,4,2021
409,Veracruz,193338,11989823,4,2021
410,Yucatán,61022,4074121,4,2021
411,Zacatecas,10971,665257,4,2021
412,Aguascalientes,50151,3048609,5,2021
413,Baja California,193037,11977302,5,2021
414,Baja California Sur,25926,1426249,5,2021
415,Campeche,20681,1380357,5,2021
416,Chiapas,73550,3764716,5,2021
417,Chihuahua,111785,6820032,5,2021
418,Ciudad de México,508915,37132204,5,2021
419,Coahuila,80978,5385068,5,2021
420,Colima,31308,1789153,5,2021
421,Durango,20320,980031,5,2021
422,Guanajuato,116448,6544501,5,2021
423,Guerrero,83619,4640645,5,2021
424,Hidalgo,36764,2143725,5,2021
425,Jalisco,300563,19694738,5,2021
426,Michoacán,123768,6834192,5,2021
427,Morelos,43353,2729779,5,2021
428,México,142671,8618768,5,2021
429,Nayarit,18863,804935,5,2021
430,Nuevo León,175277,11808213,5,2021
431,Oaxaca,15377,794846,5,2021
432,Puebla,88284,5667881,5,2021
433,Querétaro,84720,6015964,5,2021
434,Quintana Roo,109652,6894964,5,2021
435,San Luis Potosí,63790,4030568,5,2021
436,Sinaloa,57364,3119416,5,2021
437,Sonora,51673,3086090,5,2021
438,Tabasco,32231,1836715,5,2021
439,Tamaulipas,90721,5671751,5,2021
440,Tlaxcala,13399,677378,5,2021
441,Veracruz,168192,10009460,5,2021
442,Yucatán,60796,3962691,5,2021
443,Zacatecas,14836,831218,5,2021
444,Aguascalientes,96131,5963467,6,2021
445,Baja California,335235,21388296,6,2021
446,Baja California Sur,28057,1531610,6,2021
447,Campeche,38394,2645199,6,2021
448,Chiapas,145893,8106734,6,2021
449,Chihuahua,255472,16076038,6,2021
450,Ciudad de México,992366,71890678,6,2021
451,Coahuila,154917,10058508,6,2021
452,Colima,60162,3319944,6,2021
453,Durango,38803,2048255,6,2021
454,Guanajuato,226762,13215836,6,2021
455,Guerrero,191636,10931778,6,2021
456,Hidalgo,79261,4581488,6,2021
457,Jalisco,591813,38721001,6,2021
458,Michoacán,268860,15998130,6,2021
459,Morelos,107382,7178445,6,2021
460,México,307657,18620476,6,2021
461,Nayarit,34441,1526553,6,2021
462,Nuevo León,345560,23605384,6,2021
463,Oaxaca,31806,1766548,6,2021
464,Puebla,207296,13144299,6,2021
465,Querétaro,158795,11222248,6,2021
466,Quintana Roo,199525,12853782,6,2021
467,San Luis Potosí,121080,7851453,6,2021
468,Sinaloa,114689,6580524,6,2021
469,Sonora,99401,6026772,6,2021
470,Tabasco,64554,3888938,6,2021
471,Tamaulipas,185460,11971075,6,2021
472,Tlaxcala,35232,1909654,6,2021
473,Veracruz,375823,23697243,6,2021
474,Yucatán,108926,6772057,6,2021
475,Zacatecas,25984,1530028,6,2021
476,Aguascalientes,112019,6995729,7,2021
477,Baja California,420089,26851672,7,2021
478,Baja California Sur,16265,884931,7,2021
479,Campeche,27437,1835950,7,2021
480,Chiapas,132126,7125104,7,2021
481,Chihuahua,317026,20191859,7,2021
482,Ciudad de México,1091531,81241654,7,2021
483,Coahuila,180665,11811992,7,2021
484,Colima,68737,3841752,7,2021
485,Durango,45668,2553137,7,2021
486,Guanajuato,249609,14317618,7,2021
487,Guerrero,155403,8808404,7,2021
488,Hidalgo,84687,4929249,7,2021
489,Jalisco,643145,42764127,7,2021
490,Michoacán,277417,16005133,7,2021
491,Morelos,117052,7550548,7,2021
492,México,330628,20208240,7,2021
493,Nayarit,33482,1485003,7,2021
494,Nuevo León,385303,26302492,7,2021
495,Oaxaca,36100,2006395,7,2021
496,Puebla,237625,14735150,7,2021
497,Querétaro,193600,14398307,7,2021
498,Quintana Roo,240966,15489806,7,2021
499,San Luis Potosí,144800,9491105,7,2021
500,Sinaloa,65809,3814861,7,2021
501,Sonora,111839,6761898,7,2021
502,Tabasco,74494,4602575,7,2021
503,Tamaulipas,192906,12224982,7,2021
504,Tlaxcala,43993,2468867,7,2021
505,Veracruz,368156,23290555,7,2021
506,Yucatán,118428,7640781,7,2021
507,Zacatecas,31744,1854294,7,2021
508,Aguascalientes,81390,5024918,8,2021
509,Baja California,315755,19698459,8,2021
510,Baja California Sur,29181,1506776,8,2021
511,Campeche,22169,1525481,8,2021
512,Chiapas,77331,3914882,8,2021
513,Chihuahua,228543,14389532,8,2021
514,Ciudad de México,677991,50357803,8,2021
515,Coahuila,117634,7671939,8,2021
516,Colima,28713,1526323,8,2021
517,Durango,23914,1225481,8,2021
518,Guanajuato,178103,9967492,8,2021
519,Guerrero,64389,3476927,8,2021
520,Hidalgo,52468,3154019,8,2021
521,Jalisco,423588,27838660,8,2021
522,Michoacán,171444,9502215,8,2021
523,Morelos,65788,3942210,8,2021
524,México,184049,11181255,8,2021
525,Nayarit,22244,938358,8,2021
526,Nuevo León,253668,17003852,8,2021
527,Oaxaca,20144,1065537,8,2021
528,Puebla,133324,8154531,8,2021
529,Querétaro,122880,9325999,8,2021
530,Quintana Roo,175987,11302195,8,2021
531,San Luis Potosí,54577,3595514,8,2021
532,Sinaloa,40049,2325590,8,2021
533,Sonora,65703,3928440,8,2021
534,Tabasco,43109,2533744,8,2021
535,Tamaulipas,151058,9512808,8,2021
536,Tlaxcala,19103,977856,8,2021
537,Veracruz,205762,12934603,8,2021
538,Yucatán,85715,5482469,8,2021
539,Zacatecas,18217,1022929,8,2021
540,Aguascalientes,61301,3822979,9,2021
541,Baja California,275314,17196982,9,2021
542,Baja California Sur,26509,1302888,9,2021
543,Campeche,18237,1235430,9,2021
544,Chiapas,73173,3645935,9,2021
545,Chihuahua,185028,12007870,9,2021
546,Ciudad de México,598676,45828883,9,2021
547,Coahuila,97305,6565113,9,2021
548,Colima,33186,1751085,9,2021
549,Durango,22945,1083375,9,2021
550,Guanajuato,137017,7662971,9,2021
551,Guerrero,60427,3154295,9,2021
552,Hidalgo,50756,2984518,9,2021
553,Jalisco,374403,25160172,9,2021
554,Michoacán,143339,7672886,9,2021
555,Morelos,50364,2997850,9,2021
556,México,155586,9225307,9,2021
557,Nayarit,19328,751145,9,2021
558,Nuevo León,238117,16327806,9,2021
559,Oaxaca,19671,1016962,9,2021
560,Puebla,108888,6714554,9,2021
561,Querétaro,106565,8239561,9,2021
562,Quintana Roo,145037,9403737,9,2021
563,San Luis Potosí,30735,1961015,9,2021
564,Sinaloa,53727,2962376,9,2021
565,Sonora,59716,3329645,9,2021
566,Tabasco,32158,1780426,9,2021
567,Tamaulipas,128319,7825710,9,2021
568,Tlaxcala,15718,727605,9,2021
569,Veracruz,193826,11748993,9,2021
570,Yucatán,69805,4458351,9,2021
571,Zacatecas,18888,1015505,9,2021
572,Aguascalientes,128562,8212116,10,2021
573,Baja California,471178,30245325,10,2021
574,Baja California Sur,55159,2951805,10,2021
575,Campeche,54666,4113314,10,2021
576,Chiapas,143546,7867614,10,2021
577,Chihuahua,327286,21213423,10,2021
578,Ciudad de México,1288512,101486679,10,2021
579,Coahuila,173014,12315099,10,2021
580,Colima,64714,3725197,10,2021
581,Durango,51488,2589903,10,2021
582,Guanajuato,271766,16619681,10,2021
583,Guerrero,160959,9533930,10,2021
584,Hidalgo,112967,6837542,10,2021
585,Jalisco,711829,49640662,10,2021
586,Michoacán,251153,14953089,10,2021
587,Morelos,104871,6899987,10,2021
588,México,351525,21904267,10,2021
589,Nayarit,33205,1466308,10,2021
590,Nuevo León,460902,32892053,10,2021
591,Oaxaca,40527,2327549,10,2021
592,Puebla,254672,16195570,10,2021
593,Querétaro,213178,16763918,10,2021
594,Quintana Roo,281381,19121391,10,2021
595,San Luis Potosí,163962,11117502,10,2021
596,Sinaloa,103915,6029593,10,2021
597,Sonora,120202,7185408,10,2021
598,Tabasco,95389,5816016,10,2021
599,Tamaulipas,245394,16063216,10,2021
600,Tlaxcala,30911,1681952,10,2021
601,Veracruz,401121,26504765,10,2021
602,Yucatán,160786,10966875,10,2021
603,Zacatecas,45048,2526608,10,2021
604,Aguascalientes,132850,8920074,11,2021
605,Baja California,453679,28587794,11,2021
606,Baja California Sur,53287,2919453,11,2021
607,Campeche,61766,4722751,11,2021
608,Chiapas,140888,7734253,11,2021
609,Chihuahua,316689,20927740,11,2021
610,Ciudad de México,1331406,105813639,11,2021
611,Coahuila,188308,13453077,11,2021
612,Colima,61645,3583049,11,2021
613,Durango,48385,2438009,11,2021
614,Guanajuato,267445,16804653,11,2021
615,Guerrero,158725,9663854,11,2021
616,Hidalgo,117002,7634638,11,2021
617,Jalisco,692622,49688461,11,2021
618,Michoacán,233956,14190067,11,2021
619,Morelos,114733,8040504,11,2021
620,México,361692,22747189,11,2021
621,Nayarit,29915,1383371,11,2021
622,Nuevo León,486192,35591440,11,2021
623,Oaxaca,42825,2500169,11,2021
624,Puebla,292777,19448592,11,2021
625,Querétaro,239179,18717350,11,2021
626,Quintana Roo,270261,18428038,11,2021
627,San Luis Potosí,168109,11704637,11,2021
628,Sinaloa,105987,6206218,11,2021
629,Sonora,122496,7430985,11,2021
630,Tabasco,102668,6431924,11,2021
631,Tamaulipas,255712,17501030,11,2021
632,Tlaxcala,30827,1603643,11,2021
633,Veracruz,397078,26413598,11,2021
634,Yucatán,174805,12524444,11,2021
635,Zacatecas,44507,2546816,11,2021
636,Aguascalientes,193703,12779652,12,2021
637,Baja California,590228,38671147,12,2021
638,Baja California Sur,72780,4274110,12,2021
639,Campeche,75037,5680753,12,2021
640,Chiapas,219378,12773489,12,2021
641,Chihuahua,424647,28714714,12,2021
642,Ciudad de México,1965496,154843333,12,2021
643,Coahuila,278956,20171054,12,2021
644,Colima,79235,4795809,12,2021
645,Durango,70879,3678171,12,2021
646,Guanajuato,360714,23535564,12,2021
647,Guerrero,264579,16378770,12,2021
648,Hidalgo,152538,9867041,12,2021
649,Jalisco,955001,68450884,12,2021
650,Michoacán,351858,22011274,12,2021
651,Morelos,192863,14075977,12,2021
652,México,549519,35370522,12,2021
653,Nayarit,43331,2170410,12,2021
654,Nuevo León,615106,45620428,12,2021
655,Oaxaca,60787,3870279,12,2021
656,Puebla,445099,29459992,12,2021
657,Querétaro,281957,22270008,12,2021
658,Quintana Roo,361508,25540700,12,2021
659,San Luis Potosí,242246,16946236,12,2021
660,Sinaloa,156015,9504375,12,2021
661,Sonora,185313,11581508,12,2021
662,Tabasco,147291,9342756,12,2021
663,Tamaulipas,353337,24121601,12,2021
664,Tlaxcala,59177,3559873,12,2021
665,Veracruz,567166,38759298,12,2021
666,Yucatán,252330,17538200,12,2021
667,Zacatecas,56679,3430535,12,2021
668,Aguascalientes,83993,5258779,1,2022
669,Baja California,276087,17213553,1,2022
670,Baja California Sur,29896,1557910,1,2022
671,Campeche,36836,2435005,1,2022
672,Chiapas,111405,5657256,1,2022
673,Chihuahua,189595,11794549,1,2022
674,Ciudad de México,832018,61374820,1,2022
675,Coahuila,110136,7399414,1,2022
676,Colima,38808,2127345,1,2022
677,Durango,28531,1322458,1,2022
678,Guanajuato,162389,9495623,1,2022
679,Guerrero,119325,6627159,1,2022
680,Hidalgo,70305,4310598,1,2022
681,Jalisco,455639,30545264,1,2022
682,Michoacán,178061,10144818,1,2022
683,Morelos,83694,5671718,1,2022
684,México,236364,13944670,1,2022
685,Nayarit,9570,467079,1,2022
686,Nuevo León,254527,17861287,1,2022
687,Oaxaca,31373,1758349,1,2022
688,Puebla,196479,11992973,1,2022
689,Querétaro,132334,9960489,1,2022
690,Quintana Roo,190290,12546574,1,2022
691,San Luis Potosí,103871,6775697,1,2022
692,Sinaloa,72039,3937971,1,2022
693,Sonora,76929,4419904,1,2022
694,Tabasco,68401,3870664,1,2022
695,Tamaulipas,156817,9601564,1,2022
696,Tlaxcala,22611,1228866,1,2022
697,Veracruz,280645,17142585,1,2022
698,Yucatán,104602,6549925,1,2022
699,Zacatecas,24190,1353720,1,2022
700,Aguascalientes,124362,8251654,3,2022
701,Baja California,418931,27986651,3,2022
702,Baja California Sur,49169,2796849,3,2022
703,Campeche,52456,3998163,3,2022
704,Chiapas,134940,7425993,3,2022
705,Chihuahua,286473,18857687,3,2022
706,Ciudad de México,1264407,100306107,3,2022
707,Coahuila,166438,12103249,3,2022
708,Colima,48741,2814150,3,2022
709,Durango,43558,2136164,3,2022
710,Guanajuato,211737,13211603,3,2022
711,Guerrero,156927,9339874,3,2022
712,Hidalgo,96957,6219367,3,2022
713,Jalisco,624665,44958354,3,2022
714,Michoacán,232286,14021990,3,2022
715,Morelos,101026,7043084,3,2022
716,México,346875,22591752,3,2022
717,Nayarit,25414,1262360,3,2022
718,Nuevo León,435910,32278912,3,2022
719,Oaxaca,42930,2584666,3,2022
720,Puebla,269067,17383064,3,2022
721,Querétaro,188797,15289106,3,2022
722,Quintana Roo,245883,17760091,3,2022
723,San Luis Potosí,142782,9906509,3,2022
724,Sinaloa,111694,6902503,3,2022
725,Sonora,130463,7852436,3,2022
726,Tabasco,104436,6809905,3,2022
727,Tamaulipas,214174,14176094,3,2022
728,Tlaxcala,28025,1665143,3,2022
729,Veracruz,355102,24061177,3,2022
730,Yucatán,153832,10065750,3,2022
731,Zacatecas,43236,2588707,3,2022
732,Aguascalientes,133947,9350303,4,2022
733,Baja California,595869,40874762,4,2022
734,Baja California Sur,70484,4021975,4,2022
735,Campeche,87807,6678191,4,2022
736,Chiapas,205897,11506794,4,2022
737,Chihuahua,397641,26410545,4,2022
738,Ciudad de México,1734883,137923294,4,2022
739,Coahuila,229787,16207297,4,2022
740,Colima,78714,4660792,4,2022
741,Durango,58476,2925671,4,2022
742,Guanajuato,311334,19702807,4,2022
743,Guerrero,243076,15148552,4,2022
744,Hidalgo,130066,8721201,4,2022
745,Jalisco,847536,61985144,4,2022
746,Michoacán,345717,21074636,4,2022
747,Morelos,139610,9702362,4,2022
748,México,499382,32227790,4,2022
749,Nayarit,40238,2065994,4,2022
750,Nuevo León,618183,45502771,4,2022
751,Oaxaca,62560,3685578,4,2022
752,Puebla,377445,25133896,4,2022
753,Querétaro,256916,21282304,4,2022
754,Quintana Roo,364342,26377662,4,2022
755,San Luis Potosí,185734,13279100,4,2022
756,Sinaloa,152660,9492826,4,2022
757,Sonora,183394,11546625,4,2022
758,Tabasco,152088,9946608,4,2022
759,Tamaulipas,302419,20715574,4,2022
760,Tlaxcala,45877,2911602,4,2022
761,Veracruz,500822,34422725,4,2022
762,Yucatán,231491,15655998,4,2022
763,Zacatecas,52964,3335867,4,2022
764,Aguascalientes,145601,10121620,5,2022
765,Baja California,529422,36151452,5,2022
766,Baja California Sur,60447,3465087,5,2022
767,Campeche,80413,6169135,5,2022
768,Chiapas,197060,11202918,5,2022
769,Chihuahua,360112,23644558,5,2022
770,Ciudad de México,1672175,131340007,5,2022
771,Coahuila,212418,14989530,5,2022
772,Colima,70199,4067603,5,2022
773,Durango,48989,2371845,5,2022
774,Guanajuato,303391,18912502,5,2022
775,Guerrero,224995,14220096,5,2022
776,Hidalgo,114628,7372662,5,2022
777,Jalisco,782255,57568535,5,2022
778,Michoacán,310980,18841059,5,2022
779,Morelos,138221,9375812,5,2022
780,México,455156,28586408,5,2022
781,Nayarit,35448,1800560,5,2022
782,Nuevo León,579602,42986287,5,2022
783,Oaxaca,59941,3471433,5,2022
784,Puebla,386349,25466818,5,2022
785,Querétaro,232833,19140548,5,2022
786,Quintana Roo,354545,25409671,5,2022
787,San Luis Potosí,172016,12177282,5,2022
788,Sinaloa,138576,8637175,5,2022
789,Sonora,162637,10013824,5,2022
790,Tabasco,151923,9633313,5,2022
791,Tamaulipas,309151,20363071,5,2022
792,Tlaxcala,41776,2605552,5,2022
793,Veracruz,501571,34655947,5,2022
794,Yucatán,213188,14038153,5,2022
795,Zacatecas,46969,2891530,5,2022
796,Aguascalientes,167752,11513301,6,2022
797,Baja California,508888,34568244,6,2022
798,Baja California Sur,63270,3677048,6,2022
799,Campeche,91809,6985014,6,2022
800,Chiapas,221510,12960449,6,2022
801,Chihuahua,401147,26142491,6,2022
802,Ciudad de México,1699786,130131216,6,2022
803,Coahuila,242110,16755649,6,2022
804,Colima,80525,4852461,6,2022
805,Durango,58554,2888725,6,2022
806,Guanajuato,348052,22244302,6,2022
807,Guerrero,247207,15679103,6,2022
808,Hidalgo,120330,8123769,6,2022
809,Jalisco,830319,60456029,6,2022
810,Michoacán,324432,19829799,6,2022
811,Morelos,157649,10609736,6,2022
812,México,478267,30496110,6,2022
813,Nayarit,34433,1703486,6,2022
814,Nuevo León,630000,45050577,6,2022
815,Oaxaca,62978,3648683,6,2022
816,Puebla,437320,28914053,6,2022
817,Querétaro,242574,19225647,6,2022
818,Quintana Roo,358404,25745219,6,2022
819,San Luis Potosí,179634,12463227,6,2022
820,Sinaloa,157485,9674816,6,2022
821,Sonora,169070,10396852,6,2022
822,Tabasco,156878,9959758,6,2022
823,Tamaulipas,338486,22245859,6,2022
824,Tlaxcala,53928,3265563,6,2022
825,Veracruz,550798,38245660,6,2022
826,Yucatán,231064,15271110,6,2022
827,Zacatecas,52110,3222005,6,2022
828,Aguascalientes,193986,11667069,7,2022
829,Baja California,541809,32251446,7,2022
830,Baja California Sur,82070,4444687,7,2022
831,Campeche,93831,6359799,7,2022
832,Chiapas,275706,14858995,7,2022
833,Chihuahua,472123,26661101,7,2022
834,Ciudad de México,1943330,127192078,7,2022
835,Coahuila,259643,15688015,7,2022
836,Colima,107082,5847155,7,2022
837,Durango,72127,3299964,7,2022
838,Guanajuato,390008,21927631,7,2022
839,Guerrero,335115,19312357,7,2022
840,Hidalgo,144839,8490009,7,2022
841,Jalisco,953224,58173443,7,2022
842,Michoacán,413137,22631198,7,2022
843,Morelos,191042,11861913,7,2022
844,México,575272,32535411,7,2022
845,Nayarit,47189,2148326,7,2022
846,Nuevo León,637138,39551093,7,2022
847,Oaxaca,79946,4149949,7,2022
848,Puebla,484777,27755667,7,2022
849,Querétaro,253890,16845185,7,2022
850,Quintana Roo,398249,24936323,7,2022
851,San Luis Potosí,197604,11871434,7,2022
852,Sinaloa,210935,11484933,7,2022
853,Sonora,206685,11194126,7,2022
854,Tabasco,155498,8486697,7,2022
855,Tamaulipas,354690,21505231,7,2022
856,Tlaxcala,67581,3624100,7,2022
857,Veracruz,609640,36940323,7,2022
858,Yucatán,282113,16089022,7,2022
859,Zacatecas,70979,4021464,7,2022
